<?xml version="1.0" encoding="UTF-8"?>
<project-private xmlns="http://www.netbeans.org/ns/project-private/1">
    <editor-bookmarks xmlns="http://www.netbeans.org/ns/editor-bookmarks/2" lastBookmarkId="0"/>
    <open-files xmlns="http://www.netbeans.org/ns/projectui-open-files/2">
        <group>
            <file>file:/C:/Users/SHRUSHANTH/Documents/NetBeansProjects/Gym%20Management/src/gym/management/Program.java</file>
            <file>file:/C:/Users/SHRUSHANTH/Documents/NetBeansProjects/Gym%20Management/src/gym/management/UpdateAndDelete.java</file>
            <file>file:/C:/Users/SHRUSHANTH/Documents/NetBeansProjects/Gym%20Management/src/gym/management/home.java</file>
            <file>file:/C:/Users/SHRUSHANTH/Documents/NetBeansProjects/Gym%20Management/src/gym/management/ListOfMembers.java</file>
            <file>file:/C:/Users/SHRUSHANTH/Documents/NetBeansProjects/Gym%20Management/src/gym/management/Trainer.java</file>
            <file>file:/C:/Users/SHRUSHANTH/Documents/NetBeansProjects/Gym%20Management/src/gym/management/GymManagement.java</file>
            <file>file:/C:/Users/SHRUSHANTH/Documents/NetBeansProjects/Gym%20Management/src/project/ConnectionProvider.java</file>
            <file>file:/C:/Users/SHRUSHANTH/Documents/NetBeansProjects/Gym%20Management/src/gym/management/login.java</file>
            <file>file:/C:/Users/SHRUSHANTH/Documents/NetBeansProjects/Gym%20Management/src/NewJFrame.java</file>
            <file>file:/C:/Users/SHRUSHANTH/Documents/NetBeansProjects/Gym%20Management/src/gym/management/TrainingProgram.java</file>
            <file>file:/C:/Users/SHRUSHANTH/Documents/NetBeansProjects/Gym%20Management/src/gym/management/Payment.java</file>
            <file>file:/C:/Users/SHRUSHANTH/Documents/NetBeansProjects/Gym%20Management/src/gym/management/NewMember.java</file>
        </group>
    </open-files>
</project-private>
